Achmad Miftahul - amulum
Achmad Rafiq - achmadrafiq97
Adiststi - adiststi
Agung - agungajin19
Azzahra - al7262
Charisma - fadzrichar
Farida - ulfarida
Garry - garryarielcussoy
Hamdi - hamdiranu
Hedy Gading - Gading09
Ilham - aamfatur
Lelianto - Lelianto
Mohammad - daffa99
Muhammad Fadhil - fabdulkarim
Ofbimon - bimon-alta
Purnama Syafitri - pipitmnr
Setyo - setyoyo07
Wildan - wiflash
Willy - sumarnowilly94
Woka - woka20
